Model,Typ,Presnosť
CNN,Classic,0.9482418894767761
CNN,Hybrid,0.9399906396865845
